{
    "n_estimators": 182,
    "max_depth": 8,
    "learning_rate": 0.013289341614942716,
    "subsample": 0.6623389758936117,
    "colsample_bytree": 0.806604823380713,
    "min_child_weight": 7,
    "gamma": 4.943185888725973,
    "reg_alpha": 0.00014519531636824454,
    "reg_lambda": 0.0012158823798850123
}