{
    "n_estimators": 294,
    "max_depth": 5,
    "learning_rate": 0.010379453008655967,
    "subsample": 0.6351544526965579,
    "colsample_bytree": 0.7935685350925191,
    "min_child_weight": 5,
    "gamma": 1.2095141620458782,
    "reg_alpha": 6.618002473442006,
    "reg_lambda": 0.10684049467271774
}