{
    "n_estimators": 193,
    "max_depth": 7,
    "learning_rate": 0.01503652997560423,
    "subsample": 0.5945830575362591,
    "colsample_bytree": 0.918273890023328,
    "min_child_weight": 2,
    "gamma": 1.1359942232661526,
    "reg_alpha": 8.725205399391577,
    "reg_lambda": 0.0011955056273570594
}