{
  "config_version": "v1.1",
  "state_agreement": {
    "Healthy": {
      "n_games": 543,
      "success_rate": 0.9871086556169429,
      "abandoned_rate": 0.01289134438305709,
      "agreement_rate": 0.9871086556169429,
      "expected_outcome": "SUCCESS"
    },
    "Watch": {
      "n_games": 428,
      "success_rate": 0.7967289719626168,
      "abandoned_rate": 0.20327102803738317,
      "agreement_rate": 0.7967289719626168,
      "expected_outcome": "SUCCESS"
    },
    "At Risk": {
      "n_games": 234,
      "success_rate": 0.4188034188034188,
      "abandoned_rate": 0.5811965811965812,
      "agreement_rate": 0.5811965811965812,
      "expected_outcome": "ABANDONED"
    }
  },
  "dimension_stats": {
    "update_health": {
      "mean": 0.6206398869408856,
      "p25": 0.399423,
      "p50": 0.650845,
      "p75": 0.805851,
      "null_pct": 1.6795580110497237
    },
    "player_retention": {
      "mean": 0.451474686350778,
      "p25": 0.33684375,
      "p50": 0.453739,
      "p75": 0.5561,
      "null_pct": 37.50276243093922
    },
    "dev_engagement": {
      "mean": 0.4112817255563048,
      "p25": 0.209484,
      "p50": 0.395786,
      "p75": 0.591314,
      "null_pct": 1.6795580110497237
    },
    "sentiment": {
      "mean": 0.7998770892335356,
      "p25": 0.738789,
      "p50": 0.827988,
      "p75": 0.893237,
      "null_pct": 1.6795580110497237
    },
    "price_market": {
      "mean": 0.6586752083614295,
      "p25": 0.557112,
      "p50": 0.633398,
      "p75": 0.785533,
      "null_pct": 1.6795580110497237
    },
    "composite": {
      "mean": 0.5758847509392265,
      "p25": 0.512987,
      "p50": 0.596292,
      "p75": 0.661152,
      "null_pct": 0.0
    }
  }
}