{
  "config_version": "v1.0",
  "state_agreement": {
    "Healthy": {
      "n_games": 815,
      "success_rate": 0.9828220858895707,
      "abandoned_rate": 0.006134969325153374,
      "agreement_rate": 0.9828220858895707,
      "expected_outcome": "SUCCESS"
    },
    "Watch": {
      "n_games": 469,
      "success_rate": 0.7569296375266525,
      "abandoned_rate": 0.1791044776119403,
      "agreement_rate": 0.7569296375266525,
      "expected_outcome": "SUCCESS"
    },
    "At Risk": {
      "n_games": 343,
      "success_rate": 0.4868804664723032,
      "abandoned_rate": 0.46355685131195334,
      "agreement_rate": 0.46355685131195334,
      "expected_outcome": "ABANDONED"
    }
  },
  "dimension_stats": {
    "update_health": {
      "mean": 0.578277986898133,
      "p25": 0.367906,
      "p50": 0.5872655,
      "p75": 0.7594332500000001,
      "null_pct": 1.880122127591194
    },
    "player_retention": {
      "mean": 0.41204257681432616,
      "p25": 0.2947775,
      "p50": 0.411816,
      "p75": 0.5189250000000001,
      "null_pct": 48.85103647758316
    },
    "dev_engagement": {
      "mean": 0.3885335378316411,
      "p25": 0.199157,
      "p50": 0.36860899999999996,
      "p75": 0.5533060000000001,
      "null_pct": 1.880122127591194
    },
    "sentiment": {
      "mean": 0.7291786370782836,
      "p25": 0.6573847500000001,
      "p50": 0.7771570000000001,
      "p75": 0.85429425,
      "null_pct": 1.880122127591194
    },
    "price_market": {
      "mean": 0.6647293571896495,
      "p25": 0.55497,
      "p50": 0.6504775,
      "p75": 0.8031265,
      "null_pct": 1.880122127591194
    },
    "composite": {
      "mean": 0.5411617774385346,
      "p25": 0.4683965,
      "p50": 0.561905,
      "p75": 0.631877,
      "null_pct": 0.0
    }
  }
}